carrier_id,filename,target_minutes,actual_minutes,duration_sec,rms,num_source_clips,source_examples
carrier_01,carrier_01_02min.wav,2,2.0,120.0,0.060036,19,3259_158083_000061_000000.wav | 696_93314_000005_000008.wav | 7190_90542_000074_000000.wav | 7067_76047_000044_000000.wav | 2384_152900_000021_000008.wav
carrier_02,carrier_02_04min.wav,4,4.0,240.0,0.063802,35,201_122255_000004_000001.wav | 8123_275216_000019_000001.wav | 7402_59171_000004_000005.wav | 2514_149482_000007_000001.wav | 3830_12529_000011_000000.wav
carrier_03,carrier_03_06min.wav,6,6.0,360.0,0.067082,54,1334_135589_000019_000000.wav | 8088_284756_000113_000002.wav | 4137_11702_000082_000000.wav | 6415_111615_000019_000003.wav | 5393_19218_000037_000005.wav
carrier_04,carrier_04_08min.wav,8,8.0,480.0,0.068136,73,5163_18515_000042_000002.wav | 4859_26870_000017_000001.wav | 4406_16882_000029_000003.wav | 460_172359_000018_000001.wav | 8630_305212_000004_000001.wav
carrier_05,carrier_05_10min.wav,10,10.0,600.0,0.067741,95,332_128985_000012_000000.wav | 4014_186183_000022_000000.wav | 5456_62014_000009_000001.wav | 1502_122615_000043_000001.wav | 5456_58161_000016_000000.wav
carrier_06,carrier_06_12min.wav,12,12.0,720.0,0.064685,107,7447_91187_000018_000001.wav | 3664_178366_000003_000001.wav | 7264_92310_000009_000001.wav | 40_121026_000042_000001.wav | 8838_298546_000024_000004.wav
